{
  "model_type": "xgboost",
  "cv_folds": 5,
  "max_depth": 8,
  "learning_rate": 0.1,
  "n_estimators": 200,
  "feature_cols": [
    "Latitude",
    "Longitude",
    "Lat_Lon_Product",
    "Lat_Lon_Sum",
    "Distance_From_Equator",
    "Northern_Hemisphere",
    "Eastern_Hemisphere"
  ],
  "nutrients": [
    "Al",
    "B",
    "Ca",
    "Cu",
    "Fe",
    "K",
    "Mg",
    "Mn",
    "N",
    "Na",
    "P",
    "S",
    "Zn"
  ],
  "training_results": {
    "Al": {
      "cv_rmse": 164.21074611282486,
      "cv_std": 1.7791800676226903,
      "train_rmse": 150.8811744569176
    },
    "B": {
      "cv_rmse": 0.07744212086906295,
      "cv_std": 0.004906885001378179,
      "train_rmse": 0.023132800533981014
    },
    "Ca": {
      "cv_rmse": 1301.880664043679,
      "cv_std": 23.90688049633922,
      "train_rmse": 1159.7623561922783
    },
    "Cu": {
      "cv_rmse": 0.9332608792845788,
      "cv_std": 0.011521173844402622,
      "train_rmse": 0.8583872072975106
    },
    "Fe": {
      "cv_rmse": 30.835262267605344,
      "cv_std": 0.1626324494439366,
      "train_rmse": 28.336765427722334
    },
    "K": {
      "cv_rmse": 131.24512261591386,
      "cv_std": 4.365858747242062,
      "train_rmse": 115.14833981577169
    },
    "Mg": {
      "cv_rmse": 196.60161969801783,
      "cv_std": 3.4643326109390458,
      "train_rmse": 175.27753195959917
    },
    "Mn": {
      "cv_rmse": 47.22929602955185,
      "cv_std": 0.721498101734518,
      "train_rmse": 43.41060898709241
    },
    "N": {
      "cv_rmse": 0.4951280054708517,
      "cv_std": 0.012990775086803885,
      "train_rmse": 0.4503232018741336
    },
    "Na": {
      "cv_rmse": 19.468916704619524,
      "cv_std": 1.833220849669794,
      "train_rmse": 6.307083851096708
    },
    "P": {
      "cv_rmse": 4.478866294093831,
      "cv_std": 0.3505741034825392,
      "train_rmse": 1.599359611379251
    },
    "S": {
      "cv_rmse": 3.7203505203378393,
      "cv_std": 0.22248153266357323,
      "train_rmse": 1.0693179785099154
    },
    "Zn": {
      "cv_rmse": 0.3835963013703786,
      "cv_std": 0.013341149289878843,
      "train_rmse": 0.1398718350110218
    }
  }
}